concept,label,categories_str,sources_str,certainty,cosine_centroid
split,neg,food,wn_hypernym,not_certain,0.04069409769894737
western,neg,food,wn_hypernym,not_certain,0.06847153959440247
negus,neg,food,wn_hypernym,not_certain,0.07262739922670439
sole,neg,food,wn_hypernym,not_certain,0.07613310356799803
carbonara,neg,food,wn_hypernym,not_certain,0.07794657225929649
romaine,neg,food,wn_hypernym,not_certain,0.08069525493405612
ail,neg,food,wn_hypernym,not_certain,0.08206019846977447
cos,neg,food,wn_hypernym,not_certain,0.08428929899563292
starter,neg,food,wn_hypernym,not_certain,0.0842965140073918
penne,neg,food,wn_hypernym,not_certain,0.08471033522279864
pollock,neg,food,wn_hypernym,not_certain,0.08496552401878327
side,neg,food,wn_hypernym,not_certain,0.08504433371703644
flank,neg,food,wn_hypernym,not_certain,0.08582078113293268
sparling,neg,food,wn_hypernym,not_certain,0.0859033116409747
marc,neg,food,wn_hypernym,not_certain,0.08612082460531224
frank,neg,food,wn_hypernym,not_certain,0.08829519234222641
roux,neg,food,wn_hypernym,not_certain,0.08952835269667168
margarita,neg,food,wn_hypernym,not_certain,0.09047416908728209
junket,neg,food,wn_hypernym,not_certain,0.0907070561589624
bass,neg,food,wn_hypernym,not_certain,0.09126073592510317
bishop,neg,food,wn_hypernym,not_certain,0.0914577390859878
pate,neg,food,wn_hypernym,not_certain,0.09240558270009987
bartlett,neg,food,wn_hypernym,not_certain,0.09255764192199392
refresher,neg,food,wn_hypernym,not_certain,0.09274445914801682
centre,neg,food,wn_hypernym,not_certain,0.09417888354245241
bonito,neg,food,wn_hypernym,not_certain,0.0943412401355903
salmi,neg,food,wn_hypernym,not_certain,0.09434140374928507
cole,neg,food,wn_hypernym,not_certain,0.095175761875349
center,neg,food,wn_hypernym,not_certain,0.0954455021047051
round,neg,food,wn_hypernym,not_certain,0.09722271348591363
mate,neg,food,wn_hypernym,not_certain,0.09759930034367102
muscat,neg,food,wn_hypernym,not_certain,0.09927762785919705
graham,neg,food,wn_hypernym,not_certain,0.10091758142302157
savoy,neg,food,wn_hypernym,not_certain,0.10121692844784234
commissariat,neg,food,wn_hypernym,not_certain,0.10209216560530632
concentrate,neg,food,wn_hypernym,not_certain,0.10231560601173574
cisco,neg,food,wn_hypernym,not_certain,0.10273056125381853
geneva,neg,food,wn_hypernym,not_certain,0.10308135456950594
nacho,neg,food,wn_hypernym,not_certain,0.1049362798478249
wiener,neg,food,wn_hypernym,not_certain,0.10582757714202383
murphy,neg,food,wn_hypernym,not_certain,0.10591530494907808
milt,neg,food,wn_hypernym,not_certain,0.10629886288345969
ade,neg,food,wn_hypernym,not_certain,0.10709092656358064
mayo,neg,food,wn_hypernym,not_certain,0.10783641551714757
macon,neg,food,wn_hypernym,not_certain,0.10870293100268683
frankfurter,neg,food,wn_hypernym,not_certain,0.10870555947145309
freestone,neg,food,wn_hypernym,not_certain,0.1094519078457236
farina,neg,food,wn_hypernym,not_certain,0.1096013580141352
gammon,neg,food,wn_hypernym,not_certain,0.10973829623026607
joint,neg,food,wn_hypernym,not_certain,0.11079570184619873
nan,neg,food,wn_hypernym,not_certain,0.1112937310386011
tiffin,neg,food,wn_hypernym,not_certain,0.11170191811506573
port,neg,food,wn_hypernym,not_certain,0.1127074846163931
bismark,neg,food,wn_hypernym,not_certain,0.11308248825779928
frier,neg,food,wn_hypernym,not_certain,0.1131405134875746
mocha,neg,food,wn_hypernym,not_certain,0.11328521446713849
cup,neg,food,wn_hypernym,not_certain,0.11332409029392296
cusk,neg,food,wn_hypernym,not_certain,0.1139102420220159
dainty,neg,food,wn_hypernym,not_certain,0.11426706428041877
undercut,neg,food,wn_hypernym,not_certain,0.11441698978286695
saskatoon,neg,food,wn_hypernym,not_certain,0.11551437925421473
martini,neg,food,wn_hypernym,not_certain,0.11669729164678991
pompano,neg,food,wn_hypernym,not_certain,0.11780987214472305
sultana,neg,food,wn_hypernym,not_certain,0.1178324428959331
clementine,neg,food,wn_hypernym,not_certain,0.1186389333054051
torpedo,neg,food,wn_hypernym,not_certain,0.11877033322465484
demerara,neg,food,wn_hypernym,not_certain,0.11884609481024305
mouton,neg,food,wn_hypernym,not_certain,0.11932816541176497
fryer,neg,food,wn_hypernym,not_certain,0.12043219284523286
charlotte,neg,food,wn_hypernym,not_certain,0.12060207764994336
danish,neg,food,wn_hypernym,not_certain,0.12183926070504249
choc,neg,food,wn_hypernym,not_certain,0.1226821060239343
shad,neg,food,wn_hypernym,not_certain,0.12285599916460574
rose,neg,food,wn_hypernym,not_certain,0.12327976580052631
anjou,neg,food,wn_hypernym,not_certain,0.1250566594536367
bologna,neg,food,wn_hypernym,not_certain,0.12557068012746456
flan,neg,food,wn_hypernym,not_certain,0.12644246776527446
board,neg,food,wn_hypernym,not_certain,0.12677876748112338
dowdy,neg,food,wn_hypernym,not_certain,0.12788572675508425
dill,neg,food,wn_hypernym,not_certain,0.128065036348319
tuck,neg,food,wn_hypernym,not_certain,0.1280983553464589
cling,neg,food,wn_hypernym,not_certain,0.1292619399384948
filling,neg,food,wn_hypernym,not_certain,0.12991881519932416
eclair,neg,food,wn_hypernym,not_certain,0.1310846393813897
marang,neg,food,wn_hypernym,not_certain,0.13110605722347926
souffle,neg,food,wn_hypernym,not_certain,0.13112878424475657
sprinkles,neg,food,wn_hypernym,not_certain,0.13127902522414545
chuck,neg,food,wn_hypernym,not_certain,0.13157542771601724
entree,neg,food,wn_hypernym,not_certain,0.13159128836478814
bosc,neg,food,wn_hypernym,not_certain,0.1316207089934451
suds,neg,food,wn_hypernym,not_certain,0.13172395503324683
curacao,neg,food,wn_hypernym,not_certain,0.13178246366905627
perry,neg,food,wn_hypernym,not_certain,0.13178609922806359
rue,neg,food,wn_hypernym,not_certain,0.13221727307798964
wedge,neg,food,wn_hypernym,not_certain,0.1322782173343782
cayenne,neg,food,wn_hypernym,not_certain,0.1325749028612201
kibble,neg,food,wn_hypernym,not_certain,0.1337873184003815
pone,neg,food,wn_hypernym,not_certain,0.13388622260495225
kail,neg,food,wn_hypernym,not_certain,0.13400773702593016
tamale,neg,food,wn_hypernym,not_certain,0.13440245792816857
baba,neg,food,wn_hypernym,not_certain,0.13446494727451486
patty,neg,food,wn_hypernym,not_certain,0.1351973667463488
jack,neg,food,wn_hypernym,not_certain,0.13566610682782407
zep,neg,food,wn_hypernym,not_certain,0.1356731364053189
timothy,neg,food,wn_hypernym,not_certain,0.13662746177853372
kale,neg,food,wn_hypernym,not_certain,0.13684822903129268
pollack,neg,food,wn_hypernym,not_certain,0.13722756635194217
leg,neg,food,wn_hypernym,not_certain,0.13727769658550157
basil,neg,food,wn_hypernym,not_certain,0.13770116319847528
slop,neg,food,wn_hypernym,not_certain,0.13770242308838504
bluefish,neg,food,wn_hypernym,not_certain,0.13847792667365816
parfait,neg,food,wn_hypernym,not_certain,0.1390126706673653
pike,neg,food,wn_hypernym,not_certain,0.1390234688991443
calamari,neg,food,wn_hypernym,not_certain,0.1391627527089639
chou,neg,food,wn_hypernym,not_certain,0.13944376423167779
sub,neg,food,wn_hypernym,not_certain,0.13975918250992522
troche,neg,food,wn_hypernym,not_certain,0.13983195228189899
orange,neg,food,wn_hypernym,not_certain,0.14069844867246128
tangerine,neg,food,wn_hypernym,not_certain,0.14073590676817366
arak,neg,food,wn_hypernym,not_certain,0.14078498642329837
date,neg,food,wn_hypernym,not_certain,0.1408559361622519
julienne,neg,food,wn_hypernym,not_certain,0.14108869110139652
white,neg,food,wn_hypernym,not_certain,0.1414484292718646
bouillon,neg,food,wn_hypernym,not_certain,0.14170135043040355
roe,neg,food,wn_hypernym,not_certain,0.14197016494475295
gorgonzola,neg,food,wn_hypernym,not_certain,0.14206032350899886
shin,neg,food,wn_hypernym,not_certain,0.14218791986208137
dahl,neg,food,wn_hypernym,not_certain,0.142491502427828
fillet,neg,food,wn_hypernym,not_certain,0.14286917942088317
bleu,neg,food,wn_hypernym,not_certain,0.14308187011789628
latte,neg,food,wn_hypernym,not_certain,0.14318030747924196
leek,neg,food,wn_hypernym,not_certain,0.14321763845585256
flageolet,neg,food,wn_hypernym,not_certain,0.1433247041425085
agar,neg,food,wn_hypernym,not_certain,0.14371552107174268
boeuf,neg,food,wn_hypernym,not_certain,0.14411712155117554
bap,neg,food,wn_hypernym,not_certain,0.14431512033927363
collins,neg,food,wn_hypernym,not_certain,0.14432743851572938
angelica,neg,food,wn_hypernym,not_certain,0.14463659243051016
pap,neg,food,wn_hypernym,not_certain,0.14473901353917654
capon,neg,food,wn_hypernym,not_certain,0.14514846394723283
pita,neg,food,wn_hypernym,not_certain,0.1459453139049525
benedictine,neg,food,wn_hypernym,not_certain,0.14633770336211996
cappelletti,neg,food,wn_hypernym,not_certain,0.14754379250660177
hackberry,neg,food,wn_hypernym,not_certain,0.1477850148860981
snap,neg,food,wn_hypernym,not_certain,0.14790266349602801
mint,neg,food,wn_hypernym,not_certain,0.14803802720564851
porter,neg,food,wn_hypernym,not_certain,0.14817064319959752
chile,neg,food,wn_hypernym,not_certain,0.14859114739104679
swede,neg,food,wn_hypernym,not_certain,0.14895365841329425
jak,neg,food,wn_hypernym,not_certain,0.1489654451895673
ham,neg,food,wn_hypernym,not_certain,0.1491407391487329
tunny,neg,food,wn_hypernym,not_certain,0.1491819617098019
puffer,neg,food,wn_hypernym,not_certain,0.1493423569227309
haslet,neg,food,wn_hypernym,not_certain,0.14947609003701362
snapper,neg,food,wn_hypernym,not_certain,0.14992877908659352
hake,neg,food,wn_hypernym,not_certain,0.14993495934897041
bourguignon,neg,food,wn_hypernym,not_certain,0.15004545315660514
veau,neg,food,wn_hypernym,not_certain,0.15026480746413162
chine,neg,food,wn_hypernym,not_certain,0.15039345002111879
porgy,neg,food,wn_hypernym,not_certain,0.1509537064858917
satsuma,neg,food,wn_hypernym,not_certain,0.15113009369208102
rusk,neg,food,wn_hypernym,not_certain,0.15190237316271674
poulet,neg,food,wn_hypernym,not_certain,0.15228178207820467
hyson,neg,food,wn_hypernym,not_certain,0.15262808410391301
crappie,neg,food,wn_hypernym,not_certain,0.15275460170805397
rosemary,neg,food,wn_hypernym,not_certain,0.15290985161604007
shoulder,neg,food,wn_hypernym,not_certain,0.15310579179356767
squash,neg,food,wn_hypernym,not_certain,0.1532666944409709
mulligan,neg,food,wn_hypernym,not_certain,0.1533305475309047
bonbon,neg,food,wn_hypernym,not_certain,0.15339058291067026
submarine,neg,food,wn_hypernym,not_certain,0.15355172291139732
curry,neg,food,wn_hypernym,not_certain,0.1536741713335624
emperor,neg,food,wn_hypernym,not_certain,0.1537033894273915
cordial,neg,food,wn_hypernym,not_certain,0.15375336059501174
taffy,neg,food,wn_hypernym,not_certain,0.15376579480490976
stinger,neg,food,wn_hypernym,not_certain,0.15382659642552626
shank,neg,food,wn_hypernym,not_certain,0.1539969871376653
finnan,neg,food,wn_hypernym,not_certain,0.15412186607067863
nipa,neg,food,wn_hypernym,not_certain,0.15435918381656724
curacoa,neg,food,wn_hypernym,not_certain,0.15448598534113306
herring,neg,food,wn_hypernym,not_certain,0.15472814021335113
groats,neg,food,wn_hypernym,not_certain,0.1559030852635565
spread,neg,food,wn_hypernym,not_certain,0.15620353372207113
flip,neg,food,wn_hypernym,not_certain,0.15673059093876118
jimmies,neg,food,wn_hypernym,not_certain,0.15693380563047254
chard,neg,food,wn_hypernym,not_certain,0.1569698338893935
grenadine,neg,food,wn_hypernym,not_certain,0.15713721501640157
duff,neg,food,wn_hypernym,not_certain,0.15731500760607275
brat,neg,food,wn_hypernym,not_certain,0.15773375345921528
winkle,neg,food,wn_hypernym,not_certain,0.1584654769015857
jawbreaker,neg,food,wn_hypernym,not_certain,0.15901221375347283
whiting,neg,food,wn_hypernym,not_certain,0.15930817065399389
manhattan,neg,food,wn_hypernym,not_certain,0.159651990710859
taro,neg,food,wn_hypernym,not_certain,0.15995888506161876
babka,neg,food,wn_hypernym,not_certain,0.16005931523553013
turkey,neg,food,wn_hypernym,not_certain,0.16032625407669746
cut,neg,food,wn_hypernym,not_certain,0.16044518737828067
special,neg,food,wn_hypernym,not_certain,0.16048699908019068
croaker,neg,food,wn_hypernym,not_certain,0.16121865880132907
steamer,neg,food,wn_hypernym,not_certain,0.16128411203731569
hock,neg,food,wn_hypernym,not_certain,0.16135188083607385
soya,neg,food,wn_hypernym,not_certain,0.16140601068966223
nonpareil,neg,food,wn_hypernym,not_certain,0.16175050573754332
raita,neg,food,wn_hypernym,not_certain,0.16175377690189185
sailfish,neg,food,wn_hypernym,not_certain,0.16186318289625384
conserves,neg,food,wn_hypernym,not_certain,0.16189667712310787
crape,neg,food,wn_hypernym,not_certain,0.1620690431391988
mush,neg,food,wn_hypernym,not_certain,0.16213048494184434
quince,neg,food,wn_hypernym,not_certain,0.16213746544026914
gigot,neg,food,wn_hypernym,not_certain,0.16291873532775264
kirsch,neg,food,wn_hypernym,not_certain,0.1632730363565183
saki,neg,food,wn_hypernym,not_certain,0.16333141621354222
chow,neg,food,wn_hypernym,not_certain,0.16376010154176712
mincemeat,neg,food,wn_hypernym,not_certain,0.16393009727374502
dip,neg,food,wn_hypernym,not_certain,0.16407360243721292
collation,neg,food,wn_hypernym,not_certain,0.16410201787000464
saffron,neg,food,wn_hypernym,not_certain,0.16416796439853965
chip,neg,food,wn_hypernym,not_certain,0.16418319967393302
tabasco,neg,food,wn_hypernym,not_certain,0.1648665641560198
napoleon,neg,food,wn_hypernym,not_certain,0.16499729370493618
falafel,neg,food,wn_hypernym,not_certain,0.1651163407188735
sack,neg,food,wn_hypernym,not_certain,0.16523335980959883
aubergine,neg,food,wn_hypernym,not_certain,0.1659729958474335
millet,neg,food,wn_hypernym,not_certain,0.1662203197559517
plate,neg,food,wn_hypernym,not_certain,0.16624290173936912
bisque,neg,food,wn_hypernym,not_certain,0.1666677000370779
kingfish,neg,food,wn_hypernym,not_certain,0.16678674063639565
borscht,neg,food,wn_hypernym,not_certain,0.16678677875414324
sardine,neg,food,wn_hypernym,not_certain,0.16684084453965298
bream,neg,food,wn_hypernym,not_certain,0.16689183476996805
congo,neg,food,wn_hypernym,not_certain,0.16689187762116056
pickerel,neg,food,wn_hypernym,not_certain,0.16700727481655214
naan,neg,food,wn_hypernym,not_certain,0.16732703825945708
iceberg,neg,food,wn_hypernym,not_certain,0.16747757279104333
medium,neg,food,wn_hypernym,not_certain,0.16774181467414612
bock,neg,food,wn_hypernym,not_certain,0.16832600863744226
redfish,neg,food,wn_hypernym,not_certain,0.16843604805610776
fixings,neg,food,wn_hypernym,not_certain,0.16859051234751954
allemande,neg,food,wn_hypernym,not_certain,0.16877953836863357
bannock,neg,food,wn_hypernym,not_certain,0.16880815678481856
mast,neg,food,wn_hypernym,not_certain,0.16919667752536366
citron,neg,food,wn_hypernym,not_certain,0.16952946398186491
ice,neg,food,wn_hypernym,not_certain,0.1695606244328302
gyro,neg,food,wn_hypernym,not_certain,0.16982173112920182
escargot,neg,food,wn_hypernym,not_certain,0.17048429539594093
jam,neg,food,wn_hypernym,not_certain,0.17050593336086547
bran,neg,food,wn_hypernym,not_certain,0.17069046371568442
java,neg,food,wn_hypernym,not_certain,0.17073450115899447
course,neg,food,wn_hypernym,not_certain,0.17074847661162446
waffle,neg,food,wn_hypernym,not_certain,0.1707817693956736
whip,neg,food,wn_hypernym,not_certain,0.17095892044518476
jumble,neg,food,wn_hypernym,not_certain,0.17102347033117773
batter,neg,food,wn_hypernym,not_certain,0.1712884840371452
cherry,neg,food,wn_hypernym,not_certain,0.1714299583204343
ghee,neg,food,wn_hypernym,not_certain,0.17147785323458564
jello,neg,food,wn_hypernym,not_certain,0.17169597975969852
swordfish,neg,food,wn_hypernym,not_certain,0.17169953229272594
crisp,neg,food,wn_hypernym,not_certain,0.17219622248292638
chili,neg,food,wn_hypernym,not_certain,0.172236282870428
preserve,neg,food,wn_hypernym,not_certain,0.1725068447276983
cauliflower,neg,food,wn_hypernym,not_certain,0.17269588317453288
treat,neg,food,wn_hypernym,not_certain,0.17273906508076992
berry,neg,food,wn_hypernym,not_certain,0.1729580193332521
stockfish,neg,food,wn_hypernym,not_certain,0.17303993300907783
lozenge,neg,food,wn_hypernym,not_certain,0.17306815509459295
kipper,neg,food,wn_hypernym,not_certain,0.1733343057425856
stout,neg,food,wn_hypernym,not_certain,0.1734399478272695
mold,neg,food,wn_hypernym,not_certain,0.17371232677690704
smelt,neg,food,wn_hypernym,not_certain,0.17385798233320116
beefsteak,neg,food,wn_hypernym,not_certain,0.174278301775217
sidecar,neg,food,wn_hypernym,not_certain,0.17432829580043804
chilly,neg,food,wn_hypernym,not_certain,0.1747729076044687
wrap,neg,food,wn_hypernym,not_certain,0.174839442508172
goody,neg,food,wn_hypernym,not_certain,0.1749028192750837
cobbler,neg,food,wn_hypernym,not_certain,0.17494304933327148
cod,neg,food,wn_hypernym,not_certain,0.1749464476734158
ananas,neg,food,wn_hypernym,not_certain,0.175044524078592
afters,neg,food,wn_hypernym,not_certain,0.1750764294589711
hamburger,neg,food,wn_hypernym,not_certain,0.175219338861139
alewife,neg,food,wn_hypernym,not_certain,0.1754080190621602
brunch,neg,food,wn_hypernym,not_certain,0.1755402219736937
copra,neg,food,wn_hypernym,not_certain,0.17559924395287355
brittle,neg,food,wn_hypernym,not_certain,0.1756337158474267
paddy,neg,food,wn_hypernym,not_certain,0.1756551082510841
pasty,neg,food,wn_hypernym,not_certain,0.17586993753487518
turnover,neg,food,wn_hypernym,not_certain,0.175974991053971
sling,neg,food,wn_hypernym,not_certain,0.17616068126719522
salami,neg,food,wn_hypernym,not_certain,0.176497400342169
spice,neg,food,wn_hypernym,not_certain,0.17651756690756795
sage,neg,food,wn_hypernym,not_certain,0.17654051593284206
divinity,neg,food,wn_hypernym,not_certain,0.17656364918740103
blowfish,neg,food,wn_hypernym,not_certain,0.1768047179829088
rickey,neg,food,wn_hypernym,not_certain,0.1773554867316661
quiche,neg,food,wn_hypernym,not_certain,0.17794131105134223
edda,neg,food,wn_hypernym,not_certain,0.17797011394405354
fatback,neg,food,wn_hypernym,not_certain,0.17805868755563248
mousse,neg,food,wn_hypernym,not_certain,0.17810328433325823
fennel,neg,food,wn_hypernym,not_certain,0.17819498899344077
bomber,neg,food,wn_hypernym,not_certain,0.17825742950562787
blackheart,neg,food,wn_hypernym,not_certain,0.1783165874945751
morello,neg,food,wn_hypernym,not_certain,0.17878836978555382
savarin,neg,food,wn_hypernym,not_certain,0.1789356264939162
turbot,neg,food,wn_hypernym,not_certain,0.17935498940539082
clambake,neg,food,wn_hypernym,not_certain,0.179396339570491
twister,neg,food,wn_hypernym,not_certain,0.17952419284784166
sherbet,neg,food,wn_hypernym,not_certain,0.179571943544194
panoche,neg,food,wn_hypernym,not_certain,0.17979062512404773
sinker,neg,food,wn_hypernym,not_certain,0.17979786935286451
vintage,neg,food,wn_hypernym,not_certain,0.17997870460614318
sugarloaf,neg,food,wn_hypernym,not_certain,0.18023790633560216
leftovers,neg,food,wn_hypernym,not_certain,0.1806249600461866
hoagy,neg,food,wn_hypernym,not_certain,0.18071088789247142
rock,neg,food,wn_hypernym,not_certain,0.1807910285447269
mead,neg,food,wn_hypernym,not_certain,0.18108281569294044
mullet,neg,food,wn_hypernym,not_certain,0.1812115007805673
ravioli,neg,food,wn_hypernym,not_certain,0.18145843213210877
salt,neg,food,wn_hypernym,not_certain,0.18152448318638037
victual,neg,food,wn_hypernym,not_certain,0.18160980437412702
tahini,neg,food,wn_hypernym,not_certain,0.18200037837320146
spud,neg,food,wn_hypernym,not_certain,0.1820260130229562
grist,neg,food,wn_hypernym,not_certain,0.1820778248261637
marjoram,neg,food,wn_hypernym,not_certain,0.18221887514011792
claret,neg,food,wn_hypernym,not_certain,0.18229592946195536
albacore,neg,food,wn_hypernym,not_certain,0.1824843746309677
baguette,neg,food,wn_hypernym,not_certain,0.1826455224088002
roll,neg,food,wn_hypernym,not_certain,0.1828622806526996
pottage,neg,food,wn_hypernym,not_certain,0.1829543832005667
salmagundi,neg,food,wn_hypernym,not_certain,0.18316446071966935
loblolly,neg,food,wn_hypernym,not_certain,0.18343852589897913
pea,neg,food,wn_hypernym,not_certain,0.1835908652427618
scratch,neg,food,wn_hypernym,not_certain,0.18379503157383326
formula,neg,food,wn_hypernym,not_certain,0.1839723983607567
porkchop,neg,food,wn_hypernym,not_certain,0.18422293612494517
lacing,neg,food,wn_hypernym,not_certain,0.18439456853837355
gem,neg,food,wn_hypernym,not_certain,0.1844527436483189
mimosa,neg,food,wn_hypernym,not_certain,0.1846784262956228
coquille,neg,food,wn_hypernym,not_certain,0.18479414368551797
persimmon,neg,food,wn_hypernym,not_certain,0.18492865987030524
cookout,neg,food,wn_hypernym,not_certain,0.18493873931224492
stover,neg,food,wn_hypernym,not_certain,0.18505128551039415
fare,neg,food,wn_hypernym,not_certain,0.18532744789800493
partridge,neg,food,wn_hypernym,not_certain,0.18594544513835687
marinara,neg,food,wn_hypernym,not_certain,0.1860491440472216
aspic,neg,food,wn_hypernym,not_certain,0.18617299746612911
flatfish,neg,food,wn_hypernym,not_certain,0.1862338142888167
whelk,neg,food,wn_hypernym,not_certain,0.18635821469564792
blancmange,neg,food,wn_hypernym,not_certain,0.18644140357713723
greens,neg,food,wn_hypernym,not_certain,0.18665080750625185
grinder,neg,food,wn_hypernym,not_certain,0.18702169803813423
grub,neg,food,wn_hypernym,not_certain,0.18716899295872208
bun,neg,food,wn_hypernym,not_certain,0.1871777577888935
rump,neg,food,wn_hypernym,not_certain,0.18733022297314159
poi,neg,food,wn_hypernym,not_certain,0.18764479295020028
coral,neg,food,wn_hypernym,not_certain,0.18769651229137674
bourbon,neg,food,wn_hypernym,not_certain,0.18777424405204654
casserole,neg,food,wn_hypernym,not_certain,0.18782012592472283
carp,neg,food,wn_hypernym,not_certain,0.18786523459261956
lovage,neg,food,wn_hypernym,not_certain,0.1879738641925402
chutney,neg,food,wn_hypernym,not_certain,0.1881381730772766
aneurin,neg,food,wn_hypernym,not_certain,0.18815884491226495
sandwich,neg,food,wn_hypernym,not_certain,0.18833701083448273
lollipop,neg,food,wn_hypernym,not_certain,0.18837332525753311
banger,neg,food,wn_hypernym,not_certain,0.18878933412106141
mace,neg,food,wn_hypernym,not_certain,0.18884834457279237
savory,neg,food,wn_hypernym,not_certain,0.18905081153934114
perch,neg,food,wn_hypernym,not_certain,0.18905261085238972
pop,neg,food,wn_hypernym,not_certain,0.18924896070158614
lolly,neg,food,wn_hypernym,not_certain,0.18926663798254192
salsa,neg,food,wn_hypernym,not_certain,0.18930939310947878
meatball,neg,food,wn_hypernym,not_certain,0.18935444085321398
coriander,neg,food,wn_hypernym,not_certain,0.18936431397511747
inositol,neg,food,wn_hypernym,not_certain,0.1893849875017704
flapjack,neg,food,wn_hypernym,not_certain,0.189571425533159
gnocchi,neg,food,wn_hypernym,not_certain,0.18973022965991865
tripe,neg,food,wn_hypernym,not_certain,0.18979281174306337
limpet,neg,food,wn_hypernym,not_certain,0.18985086044337865
highball,neg,food,wn_hypernym,not_certain,0.18988943345165774
scouse,neg,food,wn_hypernym,not_certain,0.19009452092621126
doughnut,neg,food,wn_hypernym,not_certain,0.1901082097973126
scallion,neg,food,wn_hypernym,not_certain,0.19047895447109817
kasha,neg,food,wn_hypernym,not_certain,0.1905423352543348
pavlova,neg,food,wn_hypernym,not_certain,0.19062383195854998
criollo,neg,food,wn_hypernym,not_certain,0.19079975181098605
kiwi,neg,food,wn_hypernym,not_certain,0.19084249865256553
pulse,neg,food,wn_hypernym,not_certain,0.19090519695866187
sassafras,neg,food,wn_hypernym,not_certain,0.19095674602343488
oleo,neg,food,wn_hypernym,not_certain,0.19100567013001526
hay,neg,food,wn_hypernym,not_certain,0.19116158644704456
sprout,neg,food,wn_hypernym,not_certain,0.191267082123062
tempura,neg,food,wn_hypernym,not_certain,0.1915385827123449
shortbread,neg,food,wn_hypernym,not_certain,0.191621020385184
saddle,neg,food,wn_hypernym,not_certain,0.1916287527869072
addition,pos,kill,manual_seed_data,not_certain,0.19180458631632558
julep,neg,food,wn_hypernym,not_certain,0.19195354640262693
green,neg,food,wn_hypernym,not_certain,0.1921681304258711
teriyaki,neg,food,wn_hypernym,not_certain,0.19230910255816644
liquorice,neg,food,wn_hypernym,not_certain,0.19279064398539805
stuffing,neg,food,wn_hypernym,not_certain,0.19303607443468188
zombi,neg,food,wn_hypernym,not_certain,0.1936600669638257
bitter,neg,food,wn_hypernym,not_certain,0.19378759112816274
rack,neg,food,wn_hypernym,not_certain,0.19383638641576087
chop,neg,food,wn_hypernym,not_certain,0.19387549873222978
paprika,neg,food,wn_hypernym,not_certain,0.19401840766444398
haddock,neg,food,wn_hypernym,not_certain,0.19425165885477091
cockle,neg,food,wn_hypernym,not_certain,0.19426812719804196
bilberry,neg,food,wn_hypernym,not_certain,0.19456420003611552
peppercorn,neg,food,wn_hypernym,not_certain,0.194575437002195
tapioca,neg,food,wn_hypernym,not_certain,0.19487179452229214
whitefish,neg,food,wn_hypernym,not_certain,0.19487486072839177
mince,neg,food,wn_hypernym,not_certain,0.1949154927553469
broccoli,neg,food,wn_hypernym,not_certain,0.19499107014184783
gumbo,neg,food,wn_hypernym,not_certain,0.19501489199801475
confection,neg,food,wn_hypernym,not_certain,0.19504644258656348
savoury,neg,food,wn_hypernym,not_certain,0.195075118162562
pimento,neg,food,wn_hypernym,not_certain,0.1951040153001412
dove,neg,food,wn_hypernym,not_certain,0.19517407591847244
veg,neg,food,wn_hypernym,not_certain,0.19521485134243086
scone,neg,food,wn_hypernym,not_certain,0.1952634982842668
marshmallow,neg,food,wn_hypernym,not_certain,0.19546355586447187
parsnip,neg,food,wn_hypernym,not_certain,0.1958351652136375
marmalade,neg,food,wn_hypernym,not_certain,0.19588644831043484
wafer,neg,food,wn_hypernym,not_certain,0.19616422523227584
sherry,neg,food,wn_hypernym,not_certain,0.19653148223026332
herb,neg,food,wn_hypernym,not_certain,0.19657679595924313
biscuit,neg,food,wn_hypernym,not_certain,0.19667423015675226
pilchard,neg,food,wn_hypernym,not_certain,0.19669216572581677
feed,neg,food,wn_hypernym,not_certain,0.19711938497255413
appetizer,neg,food,wn_hypernym,not_certain,0.19730869585740954
mixer,neg,food,wn_hypernym,not_certain,0.19737991550815007
lambchop,neg,food,wn_hypernym,not_certain,0.19747517003747322
quahog,neg,food,wn_hypernym,not_certain,0.19754748957761156
hero,neg,food,wn_hypernym,not_certain,0.19758336855804765
sunfish,neg,food,wn_hypernym,not_certain,0.19828130156327403
neck,neg,food,wn_hypernym,not_certain,0.1984363898787482
spaghetti,neg,food,wn_hypernym,not_certain,0.19856083456562182
rib,neg,food,wn_hypernym,not_certain,0.19857045447540667
fritter,neg,food,wn_hypernym,not_certain,0.19869301680805376
mole,neg,food,wn_hypernym,not_certain,0.1989134587120471
muffin,neg,food,wn_hypernym,not_certain,0.19905899702582155
banquet,neg,food,wn_hypernym,not_certain,0.19912734991877867
sambuca,neg,food,wn_hypernym,not_certain,0.19934376336209012
oregano,neg,food,wn_hypernym,not_certain,0.19937559935925098
dumplings,neg,food,wn_hypernym,not_certain,0.19939048783729765
mango,neg,food,wn_hypernym,not_certain,0.19952114295418896
onion,neg,food,wn_hypernym,not_certain,0.1995819903548072
punch,neg,food,wn_hypernym,not_certain,0.1997469774785088
pinole,neg,food,wn_hypernym,not_certain,0.19980218808496222
sundae,neg,food,wn_hypernym,not_certain,0.19987622110861286
licorice,neg,food,wn_hypernym,not_certain,0.1999692503510681
tortilla,neg,food,wn_hypernym,not_certain,0.2003248208542565
periwinkle,neg,food,wn_hypernym,not_certain,0.20036878933214
burger,neg,food,wn_hypernym,not_certain,0.20041218951167983
flounder,neg,food,wn_hypernym,not_certain,0.20057756830326598
crepe,neg,food,wn_hypernym,not_certain,0.20068137999741623
sockeye,neg,food,wn_hypernym,not_certain,0.20073342679938505
cress,neg,food,wn_hypernym,not_certain,0.20087675075848485
bacon,neg,food,wn_hypernym,not_certain,0.20089657884708126
cheesecake,neg,food,wn_hypernym,not_certain,0.20090569404511952
tater,neg,food,wn_hypernym,not_certain,0.20099217544362746
mould,neg,food,wn_hypernym,not_certain,0.2011187232816756
generic,neg,food,wn_hypernym,not_certain,0.20120104431527225
torte,neg,food,wn_hypernym,not_certain,0.20122672582967102
jerk,neg,food,wn_hypernym,not_certain,0.20132599013055466
biryani,neg,food,wn_hypernym,not_certain,0.2013594233440358
macaroni,neg,food,wn_hypernym,not_certain,0.20145106632302853
crawfish,neg,food,wn_hypernym,not_certain,0.2014772511775849
chips,neg,food,wn_hypernym,not_certain,0.20155359632950343
cilantro,neg,food,wn_hypernym,not_certain,0.2016031163871191
oreo,neg,food,wn_hypernym,not_certain,0.20173739823824083
blanc,neg,food,wn_hypernym,not_certain,0.20191428183675414
crabapple,neg,food,wn_hypernym,not_certain,0.2019300450978855
fugu,neg,food,wn_hypernym,not_certain,0.20194753978810498
lox,neg,food,wn_hypernym,not_certain,0.20194829407110082
rockfish,neg,food,wn_hypernym,not_certain,0.20233875214409183
cupcake,neg,food,wn_hypernym,not_certain,0.20235302895154852
truffle,neg,food,wn_hypernym,not_certain,0.2025914483891407
estragon,neg,food,wn_hypernym,not_certain,0.20261312490304567
mutton,neg,food,wn_hypernym,not_certain,0.20281219919973756
burrito,neg,food,wn_hypernym,not_certain,0.20306652549652027
meatloaf,neg,food,wn_hypernym,not_certain,0.2034716231499072
mandarin,neg,food,wn_hypernym,not_certain,0.20354626372303378
raisin,neg,food,wn_hypernym,not_certain,0.2037069616325687
phosphate,neg,food,wn_hypernym,not_certain,0.20377746595988364
borage,neg,food,wn_hypernym,not_certain,0.20383619689942747
roaster,neg,food,wn_hypernym,not_certain,0.20384027400897964
goulash,neg,food,wn_hypernym,not_certain,0.20391602625602945
okra,neg,food,wn_hypernym,not_certain,0.2039498691901574
oat,neg,food,wn_hypernym,not_certain,0.20439141084288093
bootleg,neg,food,wn_hypernym,not_certain,0.2044667778699812
coho,neg,food,wn_hypernym,not_certain,0.20452685182281513
dewberry,neg,food,wn_hypernym,not_certain,0.204621548856652
cantaloupe,neg,food,wn_hypernym,not_certain,0.20465453038991463
pastry,neg,food,wn_hypernym,not_certain,0.20467319471710735
dodger,neg,food,wn_hypernym,not_certain,0.2046933623813842
samosa,neg,food,wn_hypernym,not_certain,0.2047304067333119
caraway,neg,food,wn_hypernym,not_certain,0.20510047184461588
hash,neg,food,wn_hypernym,not_certain,0.20536367861471075
fudge,neg,food,wn_hypernym,not_certain,0.2056367059710651
feast,neg,food,wn_hypernym,not_certain,0.20587678879351662
flatbread,neg,food,wn_hypernym,not_certain,0.20617155606551496
popsicle,neg,food,wn_hypernym,not_certain,0.20628184057007146
dressing,neg,food,wn_hypernym,not_certain,0.20649382525575893
duckling,neg,food,wn_hypernym,not_certain,0.2065836468290369
gherkin,neg,food,wn_hypernym,not_certain,0.20678765082345626
ricotta,neg,food,wn_hypernym,not_certain,0.20681482788480993
smorgasbord,neg,food,wn_hypernym,not_certain,0.20715064353621124
fizz,neg,food,wn_hypernym,not_certain,0.2071978785396903
watercress,neg,food,wn_hypernym,not_certain,0.2073247582920257
produce,neg,food,wn_hypernym,not_certain,0.20738456629692922
croissant,neg,food,wn_hypernym,not_certain,0.20756798647294128
manna,neg,food,wn_hypernym,not_certain,0.2075994229220158
chilli,neg,food,wn_hypernym,not_certain,0.20790207335299152
doughboy,neg,food,wn_hypernym,not_certain,0.20849285401831152
mackerel,neg,food,wn_hypernym,not_certain,0.208852458167602
hooch,neg,food,wn_hypernym,not_certain,0.20888289867547746
damson,neg,food,wn_hypernym,not_certain,0.20895769392332975
sukiyaki,neg,food,wn_hypernym,not_certain,0.2092729658953469
bagel,neg,food,wn_hypernym,not_certain,0.20932920882449965
seltzer,neg,food,wn_hypernym,not_certain,0.2096130770426374
wasabi,neg,food,wn_hypernym,not_certain,0.20970898315786374
octopus,neg,food,wn_hypernym,not_certain,0.2100472570540631
slaw,neg,food,wn_hypernym,not_certain,0.21007507505667514
thiamine,neg,food,wn_hypernym,not_certain,0.2101001605481241
veal,neg,food,wn_hypernym,not_certain,0.21040345258776383
kumquat,neg,food,wn_hypernym,not_certain,0.21044795644076814
pickle,neg,food,wn_hypernym,not_certain,0.21057854336197634
fastnacht,neg,food,wn_hypernym,not_certain,0.2106367731600395
gimlet,neg,food,wn_hypernym,not_certain,0.21085523109238313
folate,neg,food,wn_hypernym,not_certain,0.21121304813515754
kiss,neg,food,wn_hypernym,not_certain,0.21136425255567687
loin,neg,food,wn_hypernym,not_certain,0.2114381788653172
salmon,neg,food,wn_hypernym,not_certain,0.21179334110692283
mash,neg,food,wn_hypernym,not_certain,0.21201837482047958
barleycorn,neg,food,wn_hypernym,not_certain,0.21238782720219965
mess,neg,food,wn_hypernym,not_certain,0.2126668230144
beetroot,neg,food,wn_hypernym,not_certain,0.21267491449080278
pepper,neg,food,wn_hypernym,not_certain,0.21279271688190965
marrow,neg,food,wn_hypernym,not_certain,0.2129137451403186
hotdog,neg,food,wn_hypernym,not_certain,0.21307905179131578
pesto,neg,food,wn_hypernym,not_certain,0.21314394693770575
yam,neg,food,wn_hypernym,not_certain,0.21335193070213082
granadilla,neg,food,wn_hypernym,not_certain,0.213455588891677
sorrel,neg,food,wn_hypernym,not_certain,0.21348065483643164
puff,neg,food,wn_hypernym,not_certain,0.21358004252664992
luncheon,neg,food,wn_hypernym,not_certain,0.21362677579013895
chinook,neg,food,wn_hypernym,not_certain,0.21363987502415127
kebab,neg,food,wn_hypernym,not_certain,0.21378773132724668
tart,neg,food,wn_hypernym,not_certain,0.2138065039655084
cappuccino,neg,food,wn_hypernym,not_certain,0.21416884092934782
ratatouille,neg,food,wn_hypernym,not_certain,0.21418391871393624
chickpea,neg,food,wn_hypernym,not_certain,0.2142032248651418
pancake,neg,food,wn_hypernym,not_certain,0.21422568117866128
clove,neg,food,wn_hypernym,not_certain,0.21460294822693254
rambutan,neg,food,wn_hypernym,not_certain,0.2146672683090233
grouper,neg,food,wn_hypernym,not_certain,0.21468825764506128
preserves,neg,food,wn_hypernym,not_certain,0.21472415111687604
relish,neg,food,wn_hypernym,not_certain,0.21474378736969812
paste,neg,food,wn_hypernym,not_certain,0.21477378449508883
granola,neg,food,wn_hypernym,not_certain,0.21482788940448377
taco,neg,food,wn_hypernym,not_certain,0.21484412424119315
medlar,neg,food,wn_hypernym,not_certain,0.21493227348950444
halibut,neg,food,wn_hypernym,not_certain,0.21501140493183737
caviar,neg,food,wn_hypernym,not_certain,0.2151866424747179
brownie,neg,food,wn_hypernym,not_certain,0.21525439372580327
ambrosia,neg,food,wn_hypernym,not_certain,0.2155317153901831
jambalaya,neg,food,wn_hypernym,not_certain,0.21577175474458316
stick,neg,food,wn_hypernym,not_certain,0.21583969683698206
donut,neg,food,wn_hypernym,not_certain,0.21609422045411197
tamarindo,neg,food,wn_hypernym,not_certain,0.21628307247925696
caper,neg,food,wn_hypernym,not_certain,0.21647520364388817
anise,neg,food,wn_hypernym,not_certain,0.2165234086343227
popcorn,neg,food,wn_hypernym,not_certain,0.21686708034611016
lutefisk,neg,food,wn_hypernym,not_certain,0.2170372827543252
plaice,neg,food,wn_hypernym,not_certain,0.2171794882495359
stock,neg,food,wn_hypernym,not_certain,0.21718679732492532
simnel,neg,food,wn_hypernym,not_certain,0.21750719723283565
rutabaga,neg,food,wn_hypernym,not_certain,0.21757215545604833
polenta,neg,food,wn_hypernym,not_certain,0.2177495685743995
cooler,neg,food,wn_hypernym,not_certain,0.21803836685815617
vermouth,neg,food,wn_hypernym,not_certain,0.21838616363195237
wintergreen,neg,food,wn_hypernym,not_certain,0.21849934232618234
pud,neg,food,wn_hypernym,not_certain,0.21855040157594618
fig,neg,food,wn_hypernym,not_certain,0.21856179986812727
nasturtium,neg,food,wn_hypernym,not_certain,0.21887144455303004
screwdriver,neg,food,wn_hypernym,not_certain,0.2189933032907348
grog,neg,food,wn_hypernym,not_certain,0.2191566352725594
mamey,neg,food,wn_hypernym,not_certain,0.2193638440910571
bubbly,neg,food,wn_hypernym,not_certain,0.21951479845789232
tongue,neg,food,wn_hypernym,not_certain,0.21963256709295595
colouring,neg,food,wn_hypernym,not_certain,0.21987285415590654
hardtack,neg,food,wn_hypernym,not_certain,0.21989705167611345
miso,neg,food,wn_hypernym,not_certain,0.21989745977435965
pufferfish,neg,food,wn_hypernym,not_certain,0.2199019245984217
champagne,neg,food,wn_hypernym,not_certain,0.2201392800475771
clam,neg,food,wn_hypernym,not_certain,0.22028584632140408
vino,neg,food,wn_hypernym,not_certain,0.2202919465804967
stew,neg,food,wn_hypernym,not_certain,0.2205995938888577
grasshopper,neg,food,wn_hypernym,not_certain,0.22061329655474612
thyme,neg,food,wn_hypernym,not_certain,0.2206888094715261
souvlaki,neg,food,wn_hypernym,not_certain,0.22107301752880965
conserve,neg,food,wn_hypernym,not_certain,0.22112771742058565
jerky,neg,food,wn_hypernym,not_certain,0.22120410838530843
butterscotch,neg,food,wn_hypernym,not_certain,0.221304287513105
lamb,neg,food,wn_hypernym,not_certain,0.22142750467447112
blade,neg,food,wn_hypernym,not_certain,0.22150174177729243
trifle,neg,food,wn_hypernym,not_certain,0.22151439063615158
lemon,neg,food,wn_hypernym,not_certain,0.221568792682238
eel,neg,food,wn_hypernym,not_certain,0.22166841596030232
artichoke,neg,food,wn_hypernym,not_certain,0.22174423973709123
omelette,neg,food,wn_hypernym,not_certain,0.2217875434732872
flitch,neg,food,wn_hypernym,not_certain,0.22202013805791698
must,neg,food,wn_hypernym,not_certain,0.22208462391710204
currant,neg,food,wn_hypernym,not_certain,0.22226477444549306
niacin,neg,food,wn_hypernym,not_certain,0.22233641150870226
albumen,neg,food,wn_hypernym,not_certain,0.22240462267339087
risotto,neg,food,wn_hypernym,not_certain,0.2225989234984025
mulberry,neg,food,wn_hypernym,not_certain,0.22268563929487178
yoghurt,neg,food,wn_hypernym,not_certain,0.22295255366666514
olive,neg,food,wn_hypernym,not_certain,0.22299428557938555
codfish,neg,food,wn_hypernym,not_certain,0.22305147779709472
sprat,neg,food,wn_hypernym,not_certain,0.22336570344134177
game,neg,food,wn_hypernym,not_certain,0.22338039057280346
loquat,neg,food,wn_hypernym,not_certain,0.2235964275567577
shortcake,neg,food,wn_hypernym,not_certain,0.22359760453537533
perishable,neg,food,wn_hypernym,not_certain,0.22367551177430775
congee,neg,food,wn_hypernym,not_certain,0.2237437754547436
catfish,neg,food,wn_hypernym,not_certain,0.22400017667641137
organs,neg,food,wn_hypernym,not_certain,0.22423892906583648
chorizo,neg,food,wn_hypernym,not_certain,0.2244198100520942
brioche,neg,food,wn_hypernym,not_certain,0.2244503055724713
sour,neg,food,wn_hypernym,not_certain,0.22453745843942763
kava,neg,food,wn_hypernym,not_certain,0.22470084583815325
vermicelli,neg,food,wn_hypernym,not_certain,0.22488933141078077
buffalo,neg,food,wn_hypernym,not_certain,0.22490113057946468
chipotle,neg,food,wn_hypernym,not_certain,0.22494542091918218
farce,neg,food,wn_hypernym,not_certain,0.2250148832608756
table,neg,food,wn_hypernym,not_certain,0.22543724709271087
forage,neg,food,wn_hypernym,not_certain,0.22549659176412978
mix,neg,food,wn_hypernym,not_certain,0.22552527166531622
oyster,neg,food,wn_hypernym,not_certain,0.22557201549318528
nougat,neg,food,wn_hypernym,not_certain,0.22601021660932188
sucker,neg,food,wn_hypernym,not_certain,0.2260579705510797
cheeseburger,neg,food,wn_hypernym,not_certain,0.22614299380756864
muskellunge,neg,food,wn_hypernym,not_certain,0.22614830259522886
biotin,neg,food,wn_hypernym,not_certain,0.22616405034781098
lychee,neg,food,wn_hypernym,not_certain,0.22619845292943655
bluefin,neg,food,wn_hypernym,not_certain,0.2262530937074185
larder,neg,food,wn_hypernym,not_certain,0.2263843000308744
tenderloin,neg,food,wn_hypernym,not_certain,0.2264181390464128
cocoa,neg,food,wn_hypernym,not_certain,0.22642741093042554
strudel,neg,food,wn_hypernym,not_certain,0.2264673004716417
mustard,neg,food,wn_hypernym,not_certain,0.22648362185074183
buckwheat,neg,food,wn_hypernym,not_certain,0.22649365218157444
porterhouse,neg,food,wn_hypernym,not_certain,0.22690285359897938
apricot,neg,food,wn_hypernym,not_certain,0.22693436128544633
lime,neg,food,wn_hypernym,not_certain,0.22697195209629578
elixir,neg,food,wn_hypernym,not_certain,0.226989349970977
kumis,neg,food,wn_hypernym,not_certain,0.2273325186500978
marmite,neg,food,wn_hypernym,not_certain,0.22735669260937505
haggis,neg,food,wn_hypernym,not_certain,0.22750831974539446
semolina,neg,food,wn_hypernym,not_certain,0.2275249757672583
potable,neg,food,wn_hypernym,not_certain,0.2276475878831693
bitters,neg,food,wn_hypernym,not_certain,0.2276476779248042
sustenance,neg,food,wn_hypernym,not_certain,0.22772365722123167
teatime,neg,food,wn_hypernym,not_certain,0.2278080583400478
snowball,neg,food,wn_hypernym,not_certain,0.22782347652183743
dope,neg,food,wn_hypernym,not_certain,0.22786140953404105
asparagus,neg,food,wn_hypernym,not_certain,0.22787482260834477
dish,neg,food,wn_hypernym,not_certain,0.22796080719580533
windfall,neg,food,wn_hypernym,not_certain,0.22797252307426896
scampi,neg,food,wn_hypernym,not_certain,0.22807760972389363
cola,neg,food,wn_hypernym,not_certain,0.22809355026623737
heart,neg,food,wn_hypernym,not_certain,0.22812312938091203
filet,neg,food,wn_hypernym,not_certain,0.2282644595726004
mussel,neg,food,wn_hypernym,not_certain,0.22829060521113154
picnic,neg,food,wn_hypernym,not_certain,0.22836474222813974
cud,neg,food,wn_hypernym,not_certain,0.22838237464490646
buffet,neg,food,wn_hypernym,not_certain,0.2284478218431503
quark,neg,food,wn_hypernym,not_certain,0.22851450890365876
sloe,neg,food,wn_hypernym,not_certain,0.22879601254356427
pyridoxal,neg,food,wn_hypernym,not_certain,0.22884653005318775
prawn,neg,food,wn_hypernym,not_certain,0.22912639407340468
rice,neg,food,wn_hypernym,not_certain,0.22931124523692542
dumpling,neg,food,wn_hypernym,not_certain,0.2295647231154024
potluck,neg,food,wn_hypernym,not_certain,0.22988421327996644
gelatin,neg,food,wn_hypernym,not_certain,0.22999474748196494
hen,neg,food,wn_hypernym,not_certain,0.2300538035358811
fries,neg,food,wn_hypernym,not_certain,0.23023476428475995
zucchini,neg,food,wn_hypernym,not_certain,0.2305672744869986
snail,neg,food,wn_hypernym,not_certain,0.23065919191088857
veggie,neg,food,wn_hypernym,not_certain,0.2308635664781266
zinfandel,neg,food,wn_hypernym,not_certain,0.2309455642228663
cinnamon,neg,food,wn_hypernym,not_certain,0.23098939745509645
matzo,neg,food,wn_hypernym,not_certain,0.23108029988173162
cookie,neg,food,wn_hypernym,not_certain,0.2311055698383319
victuals,neg,food,wn_hypernym,not_certain,0.23124624187650603
pineapple,neg,food,wn_hypernym,not_certain,0.23146709124843054
shallot,neg,food,wn_hypernym,not_certain,0.23155625347988906
melon,neg,food,wn_hypernym,not_certain,0.23171629924092
custard,neg,food,wn_hypernym,not_certain,0.23183318364411978
mescal,neg,food,wn_hypernym,not_certain,0.23183421416911895
hominy,neg,food,wn_hypernym,not_certain,0.23218891904989608
spinach,neg,food,wn_hypernym,not_certain,0.2321989793447407
hyssop,neg,food,wn_hypernym,not_certain,0.23246274225319843
grappa,neg,food,wn_hypernym,not_certain,0.23262231380967013
coloring,neg,food,wn_hypernym,not_certain,0.23306784647110307
prosciutto,neg,food,wn_hypernym,not_certain,0.23319027845522133
blackberry,neg,food,wn_hypernym,not_certain,0.23341802724478872
toffee,neg,food,wn_hypernym,not_certain,0.23353261997683786
grits,neg,food,wn_hypernym,not_certain,0.2336268440942422
smoothie,neg,food,wn_hypernym,not_certain,0.2336323822894016
bean,neg,food,wn_hypernym,not_certain,0.23372215600066903
sauce,neg,food,wn_hypernym,not_certain,0.2337304257316032
durian,neg,food,wn_hypernym,not_certain,0.23389938945057648
cracker,neg,food,wn_hypernym,not_certain,0.23403517541643676
marzipan,neg,food,wn_hypernym,not_certain,0.23405945641841255
tuna,neg,food,wn_hypernym,not_certain,0.2341622856953901
toast,neg,food,wn_hypernym,not_certain,0.23435427531679992
sauerkraut,neg,food,wn_hypernym,not_certain,0.23475133491211103
confectionery,neg,food,wn_hypernym,not_certain,0.2350045676073715
caramel,neg,food,wn_hypernym,not_certain,0.2353131116362567
proposal,pos,kill,manual_seed_data,not_certain,0.23534444666996548
seasoning,neg,food,wn_hypernym,not_certain,0.23541320706528712
plantain,neg,food,wn_hypernym,not_certain,0.2354723306449329
retinol,neg,food,wn_hypernym,not_certain,0.23549676818183196
pomelo,neg,food,wn_hypernym,not_certain,0.2356127670429806
pepperoni,neg,food,wn_hypernym,not_certain,0.23595666450839325
parsley,neg,food,wn_hypernym,not_certain,0.23612179061609603
eggplant,neg,food,wn_hypernym,not_certain,0.23619895042088965
condiment,neg,food,wn_hypernym,not_certain,0.23623106294606722
lentil,neg,food,wn_hypernym,not_certain,0.23626509185925837
beet,neg,food,wn_hypernym,not_certain,0.23639583190212612
plum,neg,food,wn_hypernym,not_certain,0.23670648432050204
gum,neg,food,wn_hypernym,not_certain,0.23701621840023676
wildfowl,neg,food,wn_hypernym,not_certain,0.2371367944118209
prune,neg,food,wn_hypernym,not_certain,0.23713866587645246
guacamole,neg,food,wn_hypernym,not_certain,0.237188725913005
schnitzel,neg,food,wn_hypernym,not_certain,0.2372462540470821
pizza,neg,food,wn_hypernym,not_certain,0.23726345140350333
squid,neg,food,wn_hypernym,not_certain,0.23732602907988523
elderberry,neg,food,wn_hypernym,not_certain,0.23733308557238517
jackfruit,neg,food,wn_hypernym,not_certain,0.23778954248802678
nutmeg,neg,food,wn_hypernym,not_certain,0.23811668457752783
vitamin,neg,food,wn_hypernym,not_certain,0.23817791899099539
pretzel,neg,food,wn_hypernym,not_certain,0.23824936122920928
sugar,neg,food,wn_hypernym,not_certain,0.23887505414014507
scallop,neg,food,wn_hypernym,not_certain,0.238878916938634
yolk,neg,food,wn_hypernym,not_certain,0.2389519315331703
grapefruit,neg,food,wn_hypernym,not_certain,0.2390227113002537
takeout,neg,food,wn_hypernym,not_certain,0.23904838463229794
pomegranate,neg,food,wn_hypernym,not_certain,0.23933671284768396
sirloin,neg,food,wn_hypernym,not_certain,0.2394123040249338
eater,neg,food,wn_hypernym,not_certain,0.23944716008661257
provisions,neg,food,wn_hypernym,not_certain,0.23961880711714711
anchovy,neg,food,wn_hypernym,not_certain,0.23965609140154107
huckleberry,neg,food,wn_hypernym,not_certain,0.23977694801204993
concoction,neg,food,wn_hypernym,not_certain,0.23989695521067636
mayonnaise,neg,food,wn_hypernym,not_certain,0.24023991209938456
squab,neg,food,wn_hypernym,not_certain,0.24045046693674899
rye,neg,food,wn_hypernym,not_certain,0.24076925889603062
supper,neg,food,wn_hypernym,not_certain,0.2409886640583173
jujube,neg,food,wn_hypernym,not_certain,0.2411091624584449
vegetarianism,neg,food,wn_hypernym,not_certain,0.24157657776078512
radish,neg,food,wn_hypernym,not_certain,0.24166800253857287
eggnog,neg,food,wn_hypernym,not_certain,0.241819635944434
adobo,neg,food,wn_hypernym,not_certain,0.242026573141862
lasagna,neg,food,wn_hypernym,not_certain,0.2422088411164443
raspberry,neg,food,wn_hypernym,not_certain,0.24225107543695232
toddy,neg,food,wn_hypernym,not_certain,0.24226940822836057
ouzo,neg,food,wn_hypernym,not_certain,0.24230171344854884
refreshment,neg,food,wn_hypernym,not_certain,0.24248355155725204
naphthoquinone,neg,food,wn_hypernym,not_certain,0.24276547332497406
tonic,neg,food,wn_hypernym,not_certain,0.2432066737575498
cornbread,neg,food,wn_hypernym,not_certain,0.24321227084234434
allspice,neg,food,wn_hypernym,not_certain,0.2434185410123023
applejack,neg,food,wn_hypernym,not_certain,0.2438411503333512
crayfish,neg,food,wn_hypernym,not_certain,0.24385904949162962
ration,neg,food,wn_hypernym,not_certain,0.2439300363279974
brandy,neg,food,wn_hypernym,not_certain,0.24398650443456366
treacle,neg,food,wn_hypernym,not_certain,0.24408401072471544
loaf,neg,food,wn_hypernym,not_certain,0.24438586890237013
slug,neg,food,wn_hypernym,not_certain,0.24438829001275136
fiber,neg,food,wn_hypernym,not_certain,0.24453133900963367
micronutrient,neg,food,wn_hypernym,not_certain,0.24460648893821618
legume,neg,food,wn_hypernym,not_certain,0.2447157002421714
fodder,neg,food,wn_hypernym,not_certain,0.24511146856858787
sushi,neg,food,wn_hypernym,not_certain,0.24538802587144606
gooseberry,neg,food,wn_hypernym,not_certain,0.2455719349507496
cheddar,neg,food,wn_hypernym,not_certain,0.2461265653065586
alimentation,neg,food,wn_hypernym,not_certain,0.24638577238158818
duck,neg,food,wn_hypernym,not_certain,0.24638688624895538
candy,neg,food,wn_hypernym,not_certain,0.24671955408772706
tarragon,neg,food,wn_hypernym,not_certain,0.2468828452065231
zombie,neg,food,wn_hypernym,not_certain,0.24693157091471438
firewater,neg,food,wn_hypernym,not_certain,0.2473669515879756
panfish,neg,food,wn_hypernym,not_certain,0.2473832872690272
eats,neg,food,wn_hypernym,not_certain,0.24744132278311654
liver,neg,food,wn_hypernym,not_certain,0.24751147211614596
choline,neg,food,wn_hypernym,not_certain,0.2478873496316321
curd,neg,food,wn_hypernym,not_certain,0.24835812354305176
pastis,neg,food,wn_hypernym,not_certain,0.24845126502477993
goose,neg,food,wn_hypernym,not_certain,0.24853363693660255
confit,neg,food,wn_hypernym,not_certain,0.2486931313453327
sorbet,neg,food,wn_hypernym,not_certain,0.2487183173866676
delicatessen,neg,food,wn_hypernym,not_certain,0.24888734088369535
ketchup,neg,food,wn_hypernym,not_certain,0.24892992264254069
dinner,neg,food,wn_hypernym,not_certain,0.2489953303317613
pie,neg,food,wn_hypernym,not_certain,0.24914913214111295
cornmeal,neg,food,wn_hypernym,not_certain,0.24921634893270295
brain,neg,food,wn_hypernym,not_certain,0.24926652531940197
turnip,neg,food,wn_hypernym,not_certain,0.24928727337626927
tocopherol,neg,food,wn_hypernym,not_certain,0.24965774174872177
garlic,neg,food,wn_hypernym,not_certain,0.24978321766196848
cobalamin,neg,food,wn_hypernym,not_certain,0.24980510715279744
pasturage,neg,food,wn_hypernym,not_certain,0.2498632153856676
chives,neg,food,wn_hypernym,not_certain,0.2501764684817754
halal,neg,food,wn_hypernym,not_certain,0.2503115667218505
horseradish,neg,food,wn_hypernym,not_certain,0.25046290419028483
liqueur,neg,food,wn_hypernym,not_certain,0.2505173060723465
peppermint,neg,food,wn_hypernym,not_certain,0.25053695463462294
aspartame,neg,food,wn_hypernym,not_certain,0.2510251010181624
broiler,neg,food,wn_hypernym,not_certain,0.25107069071861293
takeaway,neg,food,wn_hypernym,not_certain,0.2512946657726788
vanilla,neg,food,wn_hypernym,not_certain,0.251499171892341
pasta,neg,food,wn_hypernym,not_certain,0.25164248729677885
jelly,neg,food,wn_hypernym,not_certain,0.25178268433987167
salad,neg,food,wn_hypernym,not_certain,0.2518342338002075
fondue,neg,food,wn_hypernym,not_certain,0.2521590673906754
baklava,neg,food,wn_hypernym,not_certain,0.2524142437468724
litchi,neg,food,wn_hypernym,not_certain,0.2524435250226917
pumpkin,neg,food,wn_hypernym,not_certain,0.252557730051214
citrus,neg,food,wn_hypernym,not_certain,0.2532459037391256
lines,pos,kill,manual_seed_data,not_certain,0.25338810767771347
crab,neg,food,wn_hypernym,not_certain,0.25387186076987783
dough,neg,food,wn_hypernym,not_certain,0.25392101158512925
gingerbread,neg,food,wn_hypernym,not_certain,0.2541356277273159
hummus,neg,food,wn_hypernym,not_certain,0.2545720110407154
oolong,neg,food,wn_hypernym,not_certain,0.2547637774342209
pheasant,neg,food,wn_hypernym,not_certain,0.255031515609604
delicacy,neg,food,wn_hypernym,not_certain,0.2554520988861119
pear,neg,food,wn_hypernym,not_certain,0.25564598247748865
weenie,neg,food,wn_hypernym,not_certain,0.25571687847146163
cranberry,neg,food,wn_hypernym,not_certain,0.2559519812571496
pudding,neg,food,wn_hypernym,not_certain,0.2562944051194647
chowder,neg,food,wn_hypernym,not_certain,0.25676853580679265
papaya,neg,food,wn_hypernym,not_certain,0.25705014743145266
coleslaw,neg,food,wn_hypernym,not_certain,0.25713858484963603
marge,neg,food,wn_hypernym,not_certain,0.2573313355217457
nutrition,neg,food,wn_hypernym,not_certain,0.2574223112089756
fondant,neg,food,wn_hypernym,not_certain,0.25750127208134554
rhubarb,neg,food,wn_hypernym,not_certain,0.2576782607967094
cake,neg,food,wn_hypernym,not_certain,0.257799811112176
flour,neg,food,wn_hypernym,not_certain,0.2581317031023038
rum,neg,food,wn_hypernym,not_certain,0.25820146483039425
lunch,neg,food,wn_hypernym,not_certain,0.2584254185966699
peach,neg,food,wn_hypernym,not_certain,0.2586304011351891
tamarind,neg,food,wn_hypernym,not_certain,0.2587025987336369
booze,neg,food,wn_hypernym,not_certain,0.25877014784780783
carob,neg,food,wn_hypernym,not_certain,0.25882581582339
turmeric,neg,food,wn_hypernym,not_certain,0.2590866804777657
ginger,neg,food,wn_hypernym,not_certain,0.2591048182868043
honeydew,neg,food,wn_hypernym,not_certain,0.25911719336046435
barbeque,neg,food,wn_hypernym,not_certain,0.2594143306846659
mixture,neg,food,wn_hypernym,not_certain,0.25949587259325924
bite,neg,food,wn_hypernym,not_certain,0.2594989489218061
watermelon,neg,food,wn_hypernym,not_certain,0.2597159497903986
whitebait,neg,food,wn_hypernym,not_certain,0.25976100128918034
banana,neg,food,wn_hypernym,not_certain,0.25981039838031145
pilaf,neg,food,wn_hypernym,not_certain,0.2600043957419872
maraschino,neg,food,wn_hypernym,not_certain,0.26009050583662197
offal,neg,food,wn_hypernym,not_certain,0.26021471525764683
fruitcake,neg,food,wn_hypernym,not_certain,0.26033863088239934
homebrew,neg,food,wn_hypernym,not_certain,0.26052964433590087
cream,neg,food,wn_hypernym,not_certain,0.2606345385134116
strawberry,neg,food,wn_hypernym,not_certain,0.26099498454225173
muesli,neg,food,wn_hypernym,not_certain,0.2610154691387588
herbal,neg,food,wn_hypernym,not_certain,0.26118397869438564
cucumber,neg,food,wn_hypernym,not_certain,0.2619854742029955
dietary,neg,food,wn_hypernym,not_certain,0.2621943793741254
soybean,neg,food,wn_hypernym,not_certain,0.26269099325999823
lingonberry,neg,food,wn_hypernym,not_certain,0.26271582794270293
eggs,neg,food,wn_hypernym,not_certain,0.26354440295728315
pyridoxine,neg,food,wn_hypernym,not_certain,0.2642747274039248
gazpacho,neg,food,wn_hypernym,not_certain,0.26457113329949883
molasses,neg,food,wn_hypernym,not_certain,0.26461237668707827
celery,neg,food,wn_hypernym,not_certain,0.2646624290479858
aniseed,neg,food,wn_hypernym,not_certain,0.26472835263168104
bulgur,neg,food,wn_hypernym,not_certain,0.2648252888004854
tequila,neg,food,wn_hypernym,not_certain,0.26490825296810094
kvass,neg,food,wn_hypernym,not_certain,0.26491458363954623
alfalfa,neg,food,wn_hypernym,not_certain,0.2649500564306139
paella,neg,food,wn_hypernym,not_certain,0.26507661319668596
pemmican,neg,food,wn_hypernym,not_certain,0.2651821975449991
seafood,neg,food,wn_hypernym,not_certain,0.2652699764265638
porcupines,neg,food,wn_hypernym,not_certain,0.2654745583424065
mozzarella,neg,food,wn_hypernym,not_certain,0.2655119005909437
lettuce,neg,food,wn_hypernym,not_certain,0.2656384342851579
swill,neg,food,wn_hypernym,not_certain,0.26620126377499137
serviceberry,neg,food,wn_hypernym,not_certain,0.26651265695880194
espresso,neg,food,wn_hypernym,not_certain,0.26659295578311176
vinaigrette,neg,food,wn_hypernym,not_certain,0.2668384961032309
blueberry,neg,food,wn_hypernym,not_certain,0.26696782505655475
tomato,neg,food,wn_hypernym,not_certain,0.26703292128033423
grass,neg,food,wn_hypernym,not_certain,0.2670519323348859
cowpea,neg,food,wn_hypernym,not_certain,0.2671610239474874
shrimp,neg,food,wn_hypernym,not_certain,0.2672245623429044
couscous,neg,food,wn_hypernym,not_certain,0.2672624791549524
sweetening,neg,food,wn_hypernym,not_certain,0.2672937870610018
nourishment,neg,food,wn_hypernym,not_certain,0.26733534828876615
fenugreek,neg,food,wn_hypernym,not_certain,0.2676148202790204
sashimi,neg,food,wn_hypernym,not_certain,0.26775331220854104
soy,neg,food,wn_hypernym,not_certain,0.26779157691178956
tofu,neg,food,wn_hypernym,not_certain,0.2683719249187118
repast,neg,food,wn_hypernym,not_certain,0.26872472424096167
nutrient,neg,food,wn_hypernym,not_certain,0.2688527362962761
flavoring,neg,food,wn_hypernym,not_certain,0.2688586785923221
mushroom,neg,food,wn_hypernym,not_certain,0.26919950705844126
trout,neg,food,wn_hypernym,not_certain,0.2695058240118581
sweet,neg,food,wn_hypernym,not_certain,0.2697044050006385
pastrami,neg,food,wn_hypernym,not_certain,0.26972034632932324
rarebit,neg,food,wn_hypernym,not_certain,0.26997418596454154
praline,neg,food,wn_hypernym,not_certain,0.2699937606186316
steak,neg,food,wn_hypernym,not_certain,0.27002819661984456
diet,neg,food,wn_hypernym,not_certain,0.27011947816212034
nectar,neg,food,wn_hypernym,not_certain,0.27028011783945777
mangosteen,neg,food,wn_hypernym,not_certain,0.27049943368700136
vinegar,neg,food,wn_hypernym,not_certain,0.2706589179599319
pawpaw,neg,food,wn_hypernym,not_certain,0.27091723985466604
humus,neg,food,wn_hypernym,not_certain,0.27092067901766914
broth,neg,food,wn_hypernym,not_certain,0.27104052721735133
guava,neg,food,wn_hypernym,not_certain,0.27108283497445207
starches,neg,food,wn_hypernym,not_certain,0.27156079676809475
breadfruit,neg,food,wn_hypernym,not_certain,0.2718033565358894
sweetener,neg,food,wn_hypernym,not_certain,0.2719090512206688
nectarine,neg,food,wn_hypernym,not_certain,0.27193055956815515
soda,neg,food,wn_hypernym,not_certain,0.2726358992748146
matzah,neg,food,wn_hypernym,not_certain,0.2726629607545702
apple,neg,food,wn_hypernym,not_certain,0.27308557276670115
arrack,neg,food,wn_hypernym,not_certain,0.2735051648217309
cabbage,neg,food,wn_hypernym,not_certain,0.2736320952667824
grouse,neg,food,wn_hypernym,not_certain,0.2739068465480652
silage,neg,food,wn_hypernym,not_certain,0.2745035498808394
gruel,neg,food,wn_hypernym,not_certain,0.27476649290581734
lemonade,neg,food,wn_hypernym,not_certain,0.2750302897619071
hare,neg,food,wn_hypernym,not_certain,0.27507260144845347
wort,neg,food,wn_hypernym,not_certain,0.2757365073191494
joy,pos,kill,manual_seed_data,not_certain,0.27603879929945013
oatmeal,neg,food,wn_hypernym,not_certain,0.27627358629050613
snack,neg,food,wn_hypernym,not_certain,0.2763812378088559
breakfast,neg,food,wn_hypernym,not_certain,0.2772085539555309
chicory,neg,food,wn_hypernym,not_certain,0.2778900584241121
programme,pos,kill,manual_seed_data,not_certain,0.2780440408005748
buttermilk,neg,food,wn_hypernym,not_certain,0.2782485231566897
avocado,neg,food,wn_hypernym,not_certain,0.2782807982255655
comfrey,neg,food,wn_hypernym,not_certain,0.2783934104161673
gin,neg,food,wn_hypernym,not_certain,0.2784027792453218
bratwurst,neg,food,wn_hypernym,not_certain,0.2784509863773939
multivitamin,neg,food,wn_hypernym,not_certain,0.27861650617182526
barbecue,neg,food,wn_hypernym,not_certain,0.27867200406283776
riboflavin,neg,food,wn_hypernym,not_certain,0.2795000564018754
egg,neg,food,wn_hypernym,not_certain,0.2797394891223503
horsemeat,neg,food,wn_hypernym,not_certain,0.2798619392593254
colostrum,neg,food,wn_hypernym,not_certain,0.2803786086285091
chocolate,neg,food,wn_hypernym,not_certain,0.28038316430132504
vodka,neg,food,wn_hypernym,not_certain,0.2805402807838517
sarsaparilla,neg,food,wn_hypernym,not_certain,0.28054951264856204
sake,neg,food,wn_hypernym,not_certain,0.2811921755684703
schnapps,neg,food,wn_hypernym,not_certain,0.2812015248658236
brew,neg,food,wn_hypernym,not_certain,0.2812853989061391
venison,neg,food,wn_hypernym,not_certain,0.28131595632817713
engine,pos,kill,manual_seed_data,not_certain,0.2815661779757409
roast,neg,food,wn_hypernym,not_certain,0.2815945332481964
absinthe,neg,food,wn_hypernym,not_certain,0.2817926053011445
menu,neg,food,wn_hypernym,not_certain,0.28230981698561236
noodle,neg,food,wn_hypernym,not_certain,0.28260925923309366
puree,neg,food,wn_hypernym,not_certain,0.2827582851551306
coconut,neg,food,wn_hypernym,not_certain,0.28303984941747595
barley,neg,food,wn_hypernym,not_certain,0.2831822274957803
poultry,neg,food,wn_hypernym,not_certain,0.2836597081677969
drinkable,neg,food,wn_hypernym,not_certain,0.2849664556059304
whey,neg,food,wn_hypernym,not_certain,0.2851733888138778
wassail,neg,food,wn_hypernym,not_certain,0.28632978145938903
fowl,neg,food,wn_hypernym,not_certain,0.28734066388370655
cardamom,neg,food,wn_hypernym,not_certain,0.2876097235782578
saccharin,neg,food,wn_hypernym,not_certain,0.2880489435223877
ingredient,neg,food,wn_hypernym,not_certain,0.2896036834162342
flavouring,neg,food,wn_hypernym,not_certain,0.2901046195264467
lobster,neg,food,wn_hypernym,not_certain,0.2905761724866931
wonton,neg,food,wn_hypernym,not_certain,0.2907202230200149
ale,neg,food,wn_hypernym,not_certain,0.2907882868585091
porridge,neg,food,wn_hypernym,not_certain,0.29106636439069655
sapodilla,neg,food,wn_hypernym,not_certain,0.2915103241045669
grain,neg,food,wn_hypernym,not_certain,0.29163100672816283
butter,neg,food,wn_hypernym,not_certain,0.29191548666557077
thiamin,neg,food,wn_hypernym,not_certain,0.2919968412401239
dessert,neg,food,wn_hypernym,not_certain,0.2921039831360161
varietal,neg,food,wn_hypernym,not_certain,0.2925192463997154
chapter,pos,kill,manual_seed_data,not_certain,0.29268251406756074
yogurt,neg,food,wn_hypernym,not_certain,0.2928371461817628
sausage,neg,food,wn_hypernym,not_certain,0.29294734430121877
pasture,neg,food,wn_hypernym,not_certain,0.29301113908767124
wheat,neg,food,wn_hypernym,not_certain,0.2934927440772951
edible,neg,food,wn_hypernym,not_certain,0.293618883823925
gravy,neg,food,wn_hypernym,not_certain,0.2936967032844316
foodstuff,neg,food,wn_hypernym,not_certain,0.2937380638732158
soup,neg,food,wn_hypernym,not_certain,0.2939395342410708
program,pos,kill,manual_seed_data,not_certain,0.2944882663917953
brisket,neg,food,wn_hypernym,not_certain,0.2944935538336129
motion,pos,kill,manual_seed_data,not_certain,0.2947678574725951
pigweed,neg,food,wn_hypernym,not_certain,0.2959121006925157
potato,neg,food,wn_hypernym,not_certain,0.29601338194625654
lager,neg,food,wn_hypernym,not_certain,0.2971533456481386
quail,neg,food,wn_hypernym,not_certain,0.2971672281174356
water,neg,food,wn_hypernym,not_certain,0.2972638386674924
omelet,neg,food,wn_hypernym,not_certain,0.2976121660234278
margarine,neg,food,wn_hypernym,not_certain,0.2979635918945775
pork,neg,food,wn_hypernym,not_certain,0.2979712834518167
kosher,neg,food,wn_hypernym,not_certain,0.29934504326989825
marinade,neg,food,wn_hypernym,not_certain,0.2994353511582557
sorghum,neg,food,wn_hypernym,not_certain,0.30011654711919117
cocktail,neg,food,wn_hypernym,not_certain,0.30036559634378734
chicken,neg,food,wn_hypernym,not_certain,0.30090001285951296
forest,pos,kill,manual_seed_data,not_certain,0.3010236370665402
carrot,neg,food,wn_hypernym,not_certain,0.301919688955839
corn,neg,food,wn_hypernym,not_certain,0.30347233200973944
atole,neg,food,wn_hypernym,not_certain,0.3049541069648115
moonshine,neg,food,wn_hypernym,not_certain,0.30495901466360853
bird,neg,food,wn_hypernym,not_certain,0.30501450232814664
chyme,neg,food,wn_hypernym,not_certain,0.3060009021141959
cheese,neg,food,wn_hypernym,not_certain,0.30621171166975786
soursop,neg,food,wn_hypernym,not_certain,0.3065828491804253
challah,neg,food,wn_hypernym,not_certain,0.31125966527309373
pulque,neg,food,wn_hypernym,not_certain,0.31190434719234145
cereal,neg,food,wn_hypernym,not_certain,0.3130014677063099
beef,neg,food,wn_hypernym,not_certain,0.3137218694108303
syrup,neg,food,wn_hypernym,not_certain,0.3153702401343022
grape,neg,food,wn_hypernym,not_certain,0.315701665945603
shellfish,neg,food,wn_hypernym,not_certain,0.3161283894039028
amaretto,neg,food,wn_hypernym,not_certain,0.3170363733956035
tea,neg,food,wn_hypernym,not_certain,0.3173666131110934
potion,neg,food,wn_hypernym,not_certain,0.31757622393775603
crime,pos,kill,manual_seed_data,not_certain,0.31923809283789156
cholecalciferol,neg,food,wn_hypernym,not_certain,0.3198855723640144
honey,neg,food,wn_hypernym,not_certain,0.3216572491440946
aperitif,neg,food,wn_hypernym,not_certain,0.32266137134732925
coffee,neg,food,wn_hypernym,not_certain,0.3230814353448929
gacaca,neg/pos,neighbors-200,wikipedia_sgns_model,not_certain,0.3244566916057584
archegonia,neg/pos,neighbors-200,wikipedia_sgns_model,not_certain,0.3244793178625598
surjection,neg/pos,neighbors-200,wikipedia_sgns_model,not_certain,0.3245409627506763
abhishekam,neg/pos,neighbors-200,wikipedia_sgns_model,not_certain,0.32462194273450806
nitrazepam,neg/pos,neighbors-200,wikipedia_sgns_model,not_certain,0.32469542717267974
whiskeys,neg/pos,neighbors-200,wikipedia_sgns_model,not_certain,0.32488667162568974
slurpee,neg/pos,neighbors-200,wikipedia_sgns_model,not_certain,0.3250445112755671
mentzelia,neg/pos,neighbors-200,wikipedia_sgns_model,not_certain,0.32506940990486477
macchiato,neg/pos,neighbors-200,wikipedia_sgns_model,not_certain,0.3250850814505349
agarwood,neg/pos,neighbors-200,wikipedia_sgns_model,not_certain,0.32511024253168047
ammanai,neg/pos,neighbors-200,wikipedia_sgns_model,not_certain,0.32511903966747063
process,pos,kill,manual_seed_data,not_certain,0.3251480471065932
tablespoons,neg/pos,neighbors-200,wikipedia_sgns_model,not_certain,0.325227319349099
wines,neg/pos,neighbors-200,wikipedia_sgns_model,not_certain,0.3252433593580262
organism,neg/pos,neighbors-200,wikipedia_sgns_model,not_certain,0.32553257898191695
foodstuffs,neg/pos,neighbors-200,wikipedia_sgns_model,not_certain,0.3258079466256889
quolls,neg/pos,neighbors-200,wikipedia_sgns_model,not_certain,0.3258079903680289
vegetation,neg/pos,neighbors-200,wikipedia_sgns_model,not_certain,0.3258912510753448
.lo,neg/pos,neighbors-200,wikipedia_sgns_model,not_certain,0.325916470735351
hyperammonemia,neg/pos,neighbors-200,wikipedia_sgns_model,not_certain,0.32596656912865934
pasteurised,neg/pos,neighbors-200,wikipedia_sgns_model,not_certain,0.32597978584684106
grapico,neg/pos,neighbors-200,wikipedia_sgns_model,not_certain,0.3262937932201469
horses,neg/pos,neighbors-200,wikipedia_sgns_model,not_certain,0.3263133602663604
anyone,neg/pos,neighbors-200,wikipedia_sgns_model,not_certain,0.32675532204752133
phrase,neg/pos,neighbors-200,wikipedia_sgns_model,not_certain,0.32695375468123855
oneself,neg/pos,neighbors-200,wikipedia_sgns_model,not_certain,0.32724740459838686
consumption,neg/pos,neighbors-200,wikipedia_sgns_model,not_certain,0.3273215456890774
genistein,neg/pos,neighbors-200,wikipedia_sgns_model,not_certain,0.3273656583240909
evergestis,neg/pos,neighbors-200,wikipedia_sgns_model,not_certain,0.32737030650778814
dichocrocis,neg/pos,neighbors-200,wikipedia_sgns_model,not_certain,0.32743150057328263
flavor,neg/pos,neighbors-200,wikipedia_sgns_model,not_certain,0.3275026308074036
polyculture,neg/pos,neighbors-200,wikipedia_sgns_model,not_certain,0.32768450475475686
compostable,neg/pos,neighbors-200,wikipedia_sgns_model,not_certain,0.32772932509946
cat,neg/pos,neighbors-200,wikipedia_sgns_model,not_certain,0.327800113022599
trichilia,neg/pos,neighbors-200,wikipedia_sgns_model,not_certain,0.32795949627207477
allelopathic,neg/pos,neighbors-200,wikipedia_sgns_model,not_certain,0.32802937970428864
phrases,neg/pos,neighbors-200,wikipedia_sgns_model,not_certain,0.32804953642011636
plant,pos,kill,manual_seed_data,not_certain,0.32819426287935083
spirits,neg,food,wn_hypernym,not_certain,0.3282069364861756
tropism,neg/pos,neighbors-200,wikipedia_sgns_model,not_certain,0.3282905959225537
malt,neg,food,wn_hypernym,not_certain,0.3287008966015917
shrubs,neg/pos,neighbors-200,wikipedia_sgns_model,not_certain,0.32876824532331417
verduzzo,neg/pos,neighbors-200,wikipedia_sgns_model,not_certain,0.3289759535648604
musth,neg/pos,neighbors-200,wikipedia_sgns_model,not_certain,0.3291211160142936
astringency,neg/pos,neighbors-200,wikipedia_sgns_model,not_certain,0.3292054639456745
fruits,neg/pos,neighbors-200,wikipedia_sgns_model,not_certain,0.3293267902532088
drylands,neg/pos,neighbors-200,wikipedia_sgns_model,not_certain,0.32949885845777765
flopsy,neg/pos,neighbors-200,wikipedia_sgns_model,not_certain,0.32965456257467796
vegetable,neg,food,wn_hypernym,not_certain,0.3296914497002614
fermentation,neg/pos,neighbors-200,wikipedia_sgns_model,not_certain,0.32985018187813886
sisurcana,neg/pos,neighbors-200,wikipedia_sgns_model,not_certain,0.3301064915963029
donkey,neg/pos,neighbors-200,wikipedia_sgns_model,not_certain,0.33050828637492624
miaka,neg/pos,neighbors-200,wikipedia_sgns_model,not_certain,0.3309934618076329
spaying,neg/pos,neighbors-200,wikipedia_sgns_model,not_certain,0.33102737815472383
beverages,neg/pos,neighbors-200,wikipedia_sgns_model,not_certain,0.33110714224153504
subdirectories,neg/pos,neighbors-200,wikipedia_sgns_model,not_certain,0.33116053561351944
kombucha,neg/pos,neighbors-200,wikipedia_sgns_model,not_certain,0.33123504666752646
teliospores,neg/pos,neighbors-200,wikipedia_sgns_model,not_certain,0.33158579636181096
acesulfame,neg/pos,neighbors-200,wikipedia_sgns_model,not_certain,0.33161266097859304
atmosphere,pos,kill,manual_seed_data,not_certain,0.33165299753162936
bread,neg,food,wn_hypernym,not_certain,0.331780994407414
fish,neg,food,wn_hypernym,not_certain,0.3318437795965187
beings,neg/pos,neighbors-200,wikipedia_sgns_model,not_certain,0.3319494827786227
leymus,neg/pos,neighbors-200,wikipedia_sgns_model,not_certain,0.33215205896361527
bestiality,neg/pos,neighbors-200,wikipedia_sgns_model,not_certain,0.33232611832088654
sesquiterpenes,neg/pos,neighbors-200,wikipedia_sgns_model,not_certain,0.33247937301787206
pentobarbital,neg/pos,neighbors-200,wikipedia_sgns_model,not_certain,0.33250318980729704
glycogenolysis,neg/pos,neighbors-200,wikipedia_sgns_model,not_certain,0.33263081634270897
narrator,neg/pos,neighbors-200,wikipedia_sgns_model,not_certain,0.332678670075486
birds,neg/pos,neighbors-200,wikipedia_sgns_model,not_certain,0.33292940216521616
cattle,neg/pos,neighbors-200,wikipedia_sgns_model,not_certain,0.33308289198689556
reoffending,neg/pos,neighbors-200,wikipedia_sgns_model,not_certain,0.333093340151562
bushmeat,neg/pos,neighbors-200,wikipedia_sgns_model,not_certain,0.33316941615396944
piglets,neg/pos,neighbors-200,wikipedia_sgns_model,not_certain,0.33316986947715377
somebody,neg/pos,neighbors-200,wikipedia_sgns_model,not_certain,0.33329413731641516
offenders,neg/pos,neighbors-200,wikipedia_sgns_model,not_certain,0.3332999448487759
carbidopa,neg/pos,neighbors-200,wikipedia_sgns_model,not_certain,0.3334206499163712
vegetables,neg/pos,neighbors-200,wikipedia_sgns_model,not_certain,0.33372917078287123
mammal,neg/pos,neighbors-200,wikipedia_sgns_model,not_certain,0.33430000951528327
bottles,neg/pos,neighbors-200,wikipedia_sgns_model,not_certain,0.3343104889871927
bodhicitta,neg/pos,neighbors-200,wikipedia_sgns_model,not_certain,0.3343665856076704
goat,neg/pos,neighbors-200,wikipedia_sgns_model,not_certain,0.33455513851362634
malolactic,neg/pos,neighbors-200,wikipedia_sgns_model,not_certain,0.33456621428352235
benzophenone,neg/pos,neighbors-200,wikipedia_sgns_model,not_certain,0.334569991114577
macropods,neg/pos,neighbors-200,wikipedia_sgns_model,not_certain,0.3350805734894185
ribonucleotides,neg/pos,neighbors-200,wikipedia_sgns_model,not_certain,0.33514318975536805
methanogenesis,neg/pos,neighbors-200,wikipedia_sgns_model,not_certain,0.3351820193856162
creature,neg/pos,neighbors-200,wikipedia_sgns_model,not_certain,0.335411358944301
phytoestrogens,neg/pos,neighbors-200,wikipedia_sgns_model,not_certain,0.3357686257181004
ingredients,neg/pos,neighbors-200,wikipedia_sgns_model,not_certain,0.33586306593178705
object,neg/pos,neighbors-200,wikipedia_sgns_model,not_certain,0.33617657846479965
culicoides,neg/pos,neighbors-200,wikipedia_sgns_model,not_certain,0.33645463758597005
ferulic,neg/pos,neighbors-200,wikipedia_sgns_model,not_certain,0.33645599388389946
unsatisfiable,neg/pos,neighbors-200,wikipedia_sgns_model,not_certain,0.33708999438519466
manure,neg/pos,neighbors-200,wikipedia_sgns_model,not_certain,0.3373160167205556
liquors,neg/pos,neighbors-200,wikipedia_sgns_model,not_certain,0.3375338332172611
threshed,neg/pos,neighbors-200,wikipedia_sgns_model,not_certain,0.33789571041703953
apomorphine,neg/pos,neighbors-200,wikipedia_sgns_model,not_certain,0.3381027948759756
antiquarks,neg/pos,neighbors-200,wikipedia_sgns_model,not_certain,0.33829793201649105
drunk,neg/pos,neighbors-200,wikipedia_sgns_model,not_certain,0.3384819840072342
eating,neg/pos,neighbors-200,wikipedia_sgns_model,not_certain,0.33854048727253616
barringtonia,neg/pos,neighbors-200,wikipedia_sgns_model,not_certain,0.33891291466608353
poverty,pos,kill,manual_seed_data,not_certain,0.3389950861641094
plants,neg/pos,neighbors-200,wikipedia_sgns_model,not_certain,0.33910241250805195
hectolitres,neg/pos,neighbors-200,wikipedia_sgns_model,not_certain,0.3391404631355246
berberine,neg/pos,neighbors-200,wikipedia_sgns_model,not_certain,0.3392462203251936
uttanka,neg/pos,neighbors-200,wikipedia_sgns_model,not_certain,0.3393292582676769
cask,neg/pos,neighbors-200,wikipedia_sgns_model,not_certain,0.3393692248680835
kind,neg/pos,neighbors-200,wikipedia_sgns_model,not_certain,0.3394380863609885
cider,neg,food,wn_hypernym,not_certain,0.3394857717154221
hyperuricemia,neg/pos,neighbors-200,wikipedia_sgns_model,not_certain,0.3395011042678389
thujone,neg/pos,neighbors-200,wikipedia_sgns_model,not_certain,0.3395449530109912
happiness,neg/pos,neighbors-200,wikipedia_sgns_model,not_certain,0.3395984024627652
chhinnamasta,neg/pos,neighbors-200,wikipedia_sgns_model,not_certain,0.33968638873038115
cannabis,neg/pos,neighbors-200,wikipedia_sgns_model,not_certain,0.3396931744262527
furfural,neg/pos,neighbors-200,wikipedia_sgns_model,not_certain,0.3397190297210018
people,pos,kill,manual_seed_data,not_certain,0.3398553641418897
whiskey,neg,food,wn_hypernym,not_certain,0.3399854346999991
zoophilia,neg/pos,neighbors-200,wikipedia_sgns_model,not_certain,0.34029815021483145
prasadam,neg/pos,neighbors-200,wikipedia_sgns_model,not_certain,0.3403514487552899
grapes,neg/pos,neighbors-200,wikipedia_sgns_model,not_certain,0.3404393446947629
akilattirattu,neg/pos,neighbors-200,wikipedia_sgns_model,not_certain,0.3408922813030507
hemionus,neg/pos,neighbors-200,wikipedia_sgns_model,not_certain,0.34099999409290255
livestock,neg/pos,neighbors-200,wikipedia_sgns_model,not_certain,0.34104800340715635
beers,neg/pos,neighbors-200,wikipedia_sgns_model,not_certain,0.3412896632213177
chametz,neg/pos,neighbors-200,wikipedia_sgns_model,not_certain,0.34149008087641597
sentences,neg/pos,neighbors-200,wikipedia_sgns_model,not_certain,0.3415074701331264
leucaena,neg/pos,neighbors-200,wikipedia_sgns_model,not_certain,0.3422584983840636
scnt,neg/pos,neighbors-200,wikipedia_sgns_model,not_certain,0.3435382311396606
gentianella,neg/pos,neighbors-200,wikipedia_sgns_model,not_certain,0.3436465061780174
man,pos,kill,manual_seed_data,not_certain,0.3441930112590043
rabbit,neg,food,wn_hypernym,not_certain,0.3448759700037609
drinking,neg/pos,neighbors-200,wikipedia_sgns_model,not_certain,0.34489463881082216
dicot,neg/pos,neighbors-200,wikipedia_sgns_model,not_certain,0.3450139452110203
mametchi,neg/pos,neighbors-200,wikipedia_sgns_model,not_certain,0.34544181713647887
creatures,neg/pos,neighbors-200,wikipedia_sgns_model,not_certain,0.34599506746944947
pathwidth,neg/pos,neighbors-200,wikipedia_sgns_model,not_certain,0.34620653609628504
milk,neg,food,wn_hypernym,not_certain,0.3462651292083151
calycina,neg/pos,neighbors-200,wikipedia_sgns_model,not_certain,0.3465723756700334
prebiotics,neg/pos,neighbors-200,wikipedia_sgns_model,not_certain,0.34676665633290227
safrole,neg/pos,neighbors-200,wikipedia_sgns_model,not_certain,0.34683780985730217
whisky,neg,food,wn_hypernym,not_certain,0.3470726065590839
fermented,neg/pos,neighbors-200,wikipedia_sgns_model,not_certain,0.34733619650925474
kamadhenu,neg/pos,neighbors-200,wikipedia_sgns_model,not_certain,0.34750354195630767
chickens,neg/pos,neighbors-200,wikipedia_sgns_model,not_certain,0.347790119355177
persons,neg/pos,neighbors-200,wikipedia_sgns_model,not_certain,0.34876863618064874
iridoid,neg/pos,neighbors-200,wikipedia_sgns_model,not_certain,0.3490681425969262
endophyte,neg/pos,neighbors-200,wikipedia_sgns_model,not_certain,0.3492209718853623
juice,neg,food,wn_hypernym,not_certain,0.34931936032749
coppicing,neg/pos,neighbors-200,wikipedia_sgns_model,not_certain,0.35011737329994175
blepharomastix,neg/pos,neighbors-200,wikipedia_sgns_model,not_certain,0.3509398884696082
sheep,neg/pos,neighbors-200,wikipedia_sgns_model,not_certain,0.3520819079312671
meal,neg,food,wn_hypernym,not_certain,0.3530129186123867
glucosides,neg/pos,neighbors-200,wikipedia_sgns_model,not_certain,0.3532734367675656
dogs,neg/pos,neighbors-200,wikipedia_sgns_model,not_certain,0.3533552505261557
autoplay,neg/pos,neighbors-200,wikipedia_sgns_model,not_certain,0.3534312369812478
spiciness,neg/pos,neighbors-200,wikipedia_sgns_model,not_certain,0.35410887058568186
nealcidion,neg/pos,neighbors-200,wikipedia_sgns_model,not_certain,0.3555714336382806
someone,neg/pos,neighbors-200,wikipedia_sgns_model,not_certain,0.3560411449520781
alcoholic,neg/pos,neighbors-200,wikipedia_sgns_model,not_certain,0.3562215274981828
kratom,neg/pos,neighbors-200,wikipedia_sgns_model,not_certain,0.3578804168120886
antiquark,neg/pos,neighbors-200,wikipedia_sgns_model,not_certain,0.3580814724244181
beverage,neg,food,wn_hypernym,not_certain,0.3581889968895176
thing,neg/pos,neighbors-200,wikipedia_sgns_model,not_certain,0.3598404103700058
food,neg,food,wn_hypernym,not_certain,0.36053657598025374
cows,neg/pos,neighbors-200,wikipedia_sgns_model,not_certain,0.3608702041728771
mood,pos,kill,manual_seed_data,not_certain,0.36099003219326736
transtillaspis,neg/pos,neighbors-200,wikipedia_sgns_model,not_certain,0.361064072760931
terumah,neg/pos,neighbors-200,wikipedia_sgns_model,not_certain,0.36142600720666074
rabbits,neg/pos,neighbors-200,wikipedia_sgns_model,not_certain,0.36215378873766046
trombidium,neg/pos,neighbors-200,wikipedia_sgns_model,not_certain,0.36303932964110575
jrmungandr,neg/pos,neighbors-200,wikipedia_sgns_model,not_certain,0.36369206554481687
trichinella,neg/pos,neighbors-200,wikipedia_sgns_model,not_certain,0.363948486888831
fruit,neg/pos,neighbors-200,wikipedia_sgns_model,not_certain,0.36566780877206284
meat,neg,food,wn_hypernym,not_certain,0.36857038134679465
paragraph,pos,kill,manual_seed_data,not_certain,0.3689562441181905
alcohol,neg,food,wn_hypernym,not_certain,0.3690469087141646
drinks,neg/pos,neighbors-200,wikipedia_sgns_model,not_certain,0.3693998417380131
sentence,pos,kill,manual_seed_data,not_certain,0.36958650323638104
intercropping,neg/pos,neighbors-200,wikipedia_sgns_model,not_certain,0.3705861591007057
phytic,neg/pos,neighbors-200,wikipedia_sgns_model,not_certain,0.37094812271823885
something,neg/pos,neighbors-200,wikipedia_sgns_model,not_certain,0.371142214708553
things,neg/pos,neighbors-200,wikipedia_sgns_model,not_certain,0.37149908099699336
pigs,neg/pos,neighbors-200,wikipedia_sgns_model,not_certain,0.3737859982931496
trees,neg/pos,neighbors-200,wikipedia_sgns_model,not_certain,0.374287501470482
liquor,neg,food,wn_hypernym,not_certain,0.37574049156327827
santror,neg/pos,neighbors-200,wikipedia_sgns_model,not_certain,0.3772587760271773
deer,pos,kill,manual_seed_data,not_certain,0.3780449795459684
wine,pos,kill food,wn_hypernym manual_seed_data,not_certain,0.3780545297359231
dog,neg,food,wn_hypernym,not_certain,0.38005180211677203
woman,pos,kill,manual_seed_data,not_certain,0.38451018459400876
cow,pos,kill,manual_seed_data,not_certain,0.39309156316161264
tree,pos,kill,manual_seed_data,not_certain,0.4004325769747669
beer,pos,kill food,wn_hypernym manual_seed_data,not_certain,0.4042783443004829
drink,neg,food,wn_hypernym,not_certain,0.40939536926681397
pig,pos,kill,manual_seed_data,not_certain,0.41136416687818317
bottle,pos,kill,manual_seed_data,not_certain,0.4140833859660838
person,pos,kill,manual_seed_data,not_certain,0.4290908102617836
animals,neg/pos,neighbors-200,wikipedia_sgns_model,not_certain,0.4541921499676739
animal,pos,kill,manual_seed_data,not_certain,0.4594683463999946
